User Id,Gameplays,Deposits,Withdrawals,LoyaltyPoints
0,15,0.0,0.0,150.0
1,8,1.0,0.0,85.0
2,97,20.0,20.0,1030.0
3,80,4.0,0.0,820.0
4,5,1.0,0.0,55.0
5,391,67.0,9.0,4227.0
6,67,7.0,0.0,705.0
7,61,0.0,1.0,608.0
8,497,0.0,0.0,4970.0
9,3416,109.0,9.0,34687.0
10,658,21.0,0.0,6685.0
11,769,21.0,24.0,7747.0
12,189,52.0,8.0,2134.0
13,3,1.0,0.0,35.0
14,14,28.0,0.0,280.0
15,34,1.0,0.0,345.0
16,2093,54.0,39.0,21122.0
17,245,12.0,0.0,2510.0
18,7,5.0,6.0,83.0
19,57,7.0,2.0,601.0
20,2,1.0,2.0,21.0
21,59,4.0,0.0,610.0
22,3,5.0,0.0,55.0
23,197,26.0,6.0,2088.0
24,266,21.0,0.0,2765.0
25,1,8.0,2.0,46.0
26,3,9.0,0.0,75.0
27,1884,24.0,2.0,18956.0
28,37,49.0,0.0,615.0
29,23,3.0,0.0,245.0
30,13,51.0,1.0,383.0
31,989,33.0,31.0,9993.0
32,29,13.0,2.0,351.0
33,8,1.0,5.0,75.0
34,11,3.0,0.0,125.0
35,3,0.0,0.0,30.0
36,83,1.0,1.0,833.0
37,16,1.0,3.0,159.0
38,1,0.0,0.0,10.0
39,4265,44.0,8.0,42854.0
40,7,0.0,0.0,70.0
41,8,1.0,0.0,85.0
42,401,6.0,0.0,4040.0
43,1055,0.0,0.0,10550.0
44,13,93.0,1.0,593.0
45,222,32.0,9.0,2362.0
46,34,8.0,0.0,380.0
47,394,44.0,76.0,4008.0
48,11,0.0,0.0,110.0
49,2,2.0,0.0,30.0
50,6,10.0,5.0,100.0
51,1,7.0,1.0,43.0
52,234,22.0,1.0,2448.0
53,639,19.0,0.0,6485.0
54,43,4.0,0.0,450.0
55,134,13.0,2.0,1401.0
56,1,5.0,0.0,35.0
57,163,0.0,0.0,1630.0
58,18,68.0,0.0,520.0
59,72,12.0,7.0,766.0
60,4,25.0,15.0,135.0
61,30,1.0,0.0,305.0
62,7,2.0,1.0,78.0
63,140,5.0,1.0,1423.0
64,41,2.0,10.0,400.0
65,19,1.0,0.0,195.0
66,4,2.0,0.0,50.0
67,22,2.0,0.0,230.0
68,3,1.0,0.0,35.0
69,31,3.0,0.0,325.0
70,1,70.0,0.0,360.0
71,183,31.0,2.0,1981.0
72,91,27.0,3.0,1039.0
73,2,1.0,0.0,25.0
74,169,25.0,3.0,1809.0
75,18,2.0,3.0,184.0
76,10,10.0,2.0,146.0
77,624,16.0,1.0,6318.0
78,602,32.0,47.0,6086.0
79,13,10.0,0.0,180.0
80,65,83.0,1.0,1063.0
81,86,10.0,0.0,910.0
82,3,10.0,40.0,0.0
83,103,7.0,0.0,1065.0
84,244,4.0,0.0,2460.0
85,2619,94.0,3.0,26654.0
86,4,3.0,0.0,55.0
87,3,4.0,0.0,50.0
88,43,1.0,0.0,435.0
89,2342,9.0,0.0,23465.0
90,195,51.0,0.0,2205.0
91,1,4.0,0.0,30.0
92,13,1.0,0.0,135.0
93,487,76.0,24.0,5202.0
94,31,8.0,1.0,348.0
95,91,4.0,0.0,930.0
96,37,5.0,0.0,395.0
97,694,229.0,14.0,8057.0
98,17,1.0,0.0,175.0
99,10,47.0,15.0,305.0
100,1,24.0,0.0,130.0
101,12,3.0,1.0,133.0
102,116,9.0,2.0,1201.0
103,36,36.0,0.0,540.0
104,55,9.0,3.0,589.0
105,2,2.0,0.0,30.0
106,2,68.0,7.0,346.0
107,48,19.0,13.0,549.0
108,197,10.0,1.0,2018.0
109,8,1.0,0.0,85.0
110,59,1.0,0.0,595.0
111,42,0.0,0.0,420.0
112,3,11.0,8.0,69.0
113,4,4.0,0.0,60.0
114,28,17.0,15.0,335.0
115,19,9.0,1.0,233.0
116,14,1.0,0.0,145.0
117,79,3.0,0.0,805.0
118,6,2.0,0.0,70.0
119,19,1.0,0.0,195.0
120,85,3.0,0.0,865.0
121,69,1.0,0.0,695.0
122,50,29.0,2.0,641.0
123,4,3.0,0.0,55.0
124,56,15.0,0.0,635.0
125,4,13.0,8.0,89.0
126,6,9.0,0.0,105.0
127,2,1.0,1.0,23.0
128,39,4.0,0.0,410.0
129,11,2.0,0.0,120.0
130,27,20.0,4.0,362.0
131,170,19.0,0.0,1795.0
132,167,10.0,1.0,1718.0
133,2,38.0,8.0,194.0
134,11,4.0,0.0,130.0
135,3,1.0,0.0,35.0
136,74,3.0,0.0,755.0
137,3521,13.0,16.0,35243.0
138,70,0.0,0.0,700.0
139,912,111.0,3.0,9669.0
140,206,11.0,4.0,2107.0
141,925,37.0,2.0,9431.0
142,37,0.0,13.0,344.0
143,269,0.0,0.0,2690.0
144,27,1.0,1.0,273.0
145,16,26.0,2.0,286.0
146,519,24.0,5.0,5300.0
147,37,10.0,0.0,420.0
148,41,10.0,1.0,458.0
149,1,41.0,0.0,215.0
150,597,0.0,0.0,5970.0
151,223,1.0,0.0,2235.0
152,678,1.0,1.0,6783.0
153,51,58.0,6.0,788.0
154,349,0.0,0.0,3490.0
155,6,7.0,1.0,93.0
156,119,1.0,0.0,1195.0
157,253,40.0,22.0,2686.0
158,8,39.0,6.0,263.0
159,1,19.0,12.0,81.0
160,232,6.0,0.0,2350.0
161,4,13.0,1.0,103.0
162,2,7.0,23.0,9.0
163,49,7.0,0.0,525.0
164,17,14.0,49.0,142.0
165,3,0.0,0.0,30.0
166,86,7.0,0.0,895.0
167,3,32.0,13.0,164.0
168,1340,76.0,11.0,13758.0
169,50,2.0,0.0,510.0
170,27,2.0,0.0,280.0
171,235,6.0,0.0,2380.0
172,24,4.0,0.0,260.0
173,3,54.0,0.0,300.0
174,5,5.0,1.0,73.0
175,33,6.0,2.0,356.0
176,30,5.0,0.0,325.0
177,8,2.0,0.0,90.0
178,7,7.0,2.0,101.0
179,763,9.0,6.0,7663.0
180,12,1.0,3.0,119.0
181,3011,10.0,0.0,30160.0
182,2446,16.0,4.0,24532.0
183,433,16.0,3.0,4404.0
184,162,1.0,2.0,1621.0
185,33,21.0,18.0,399.0
186,96,4.0,2.0,976.0
187,236,30.0,24.0,2462.0
188,38,1.0,0.0,385.0
189,69,0.0,0.0,690.0
190,175,27.0,26.0,1833.0
191,12,1.0,0.0,125.0
192,9,1.0,0.0,95.0
193,1,136.0,7.0,676.0
194,1458,16.0,7.0,14646.0
195,15,0.0,0.0,150.0
196,248,6.0,11.0,2488.0
197,880,0.0,0.0,8800.0
198,13,20.0,1.0,228.0
199,130,6.0,0.0,1330.0
200,4,8.0,5.0,70.0
201,23,6.0,6.0,248.0
202,3,29.0,9.0,157.0
203,3,3.0,0.0,45.0
204,823,42.0,6.0,8428.0
205,3646,0.0,0.0,36460.0
206,1050,11.0,0.0,10555.0
207,27,4.0,1.0,288.0
208,507,35.0,9.0,5227.0
209,18,12.0,0.0,240.0
210,58,3.0,0.0,595.0
211,4,1.0,0.0,45.0
212,1,26.0,4.0,132.0
213,138,2.0,2.0,1386.0
214,56,19.0,1.0,653.0
215,73,6.0,0.0,760.0
216,9,1.0,0.0,95.0
217,18,3.0,0.0,195.0
218,3839,55.0,1.0,38663.0
219,23,8.0,0.0,270.0
220,15,6.0,0.0,180.0
221,2,2.0,0.0,30.0
222,10,16.0,3.0,174.0
223,21,1.0,0.0,215.0
224,72,1.0,0.0,725.0
225,3,1.0,0.0,35.0
226,33,1.0,3.0,329.0
227,659,0.0,0.0,6590.0
228,3,1.0,0.0,35.0
229,13,12.0,1.0,188.0
230,10,15.0,3.0,169.0
231,298,6.0,0.0,3010.0
232,2,10.0,0.0,70.0
233,1196,0.0,3.0,11954.0
234,6,15.0,5.0,125.0
235,39,37.0,0.0,575.0
236,9,4.0,0.0,110.0
237,3297,3.0,1.0,32983.0
238,899,45.0,7.0,9201.0
239,13,8.0,0.0,170.0
240,1606,23.0,3.0,16169.0
241,9,1.0,1.0,93.0
242,535,26.0,3.0,5474.0
243,5,0.0,0.0,50.0
244,2,0.0,1.0,18.0
245,3,25.0,10.0,135.0
246,6,57.0,10.0,325.0
247,6642,20.0,0.0,66520.0
248,61,13.0,0.0,675.0
249,27,1.0,0.0,275.0
250,90,0.0,1.0,898.0
251,23,27.0,2.0,361.0
252,33,10.0,0.0,380.0
253,4,6.0,1.0,68.0
254,3,3.0,1.0,43.0
255,26,5.0,1.0,283.0
256,78,5.0,0.0,805.0
257,12,24.0,2.0,236.0
258,496,31.0,5.0,5105.0
259,126,115.0,0.0,1835.0
260,14,2.0,0.0,150.0
261,53,2.0,5.0,530.0
262,1,27.0,5.0,135.0
263,30,15.0,3.0,369.0
264,381,9.0,3.0,3849.0
265,26,0.0,0.0,260.0
266,209,27.0,0.0,2225.0
267,2,0.0,2.0,16.0
268,3,3.0,0.0,45.0
269,37,18.0,0.0,460.0
270,529,15.0,2.0,5361.0
271,30,15.0,0.0,375.0
272,2833,0.0,8.0,28314.0
273,783,5.0,7.0,7841.0
274,7,28.0,1.0,208.0
275,24,25.0,0.0,365.0
276,16,3.0,1.0,173.0
277,96,5.0,0.0,985.0
278,36,6.0,0.0,390.0
279,2,20.0,0.0,120.0
280,119,94.0,0.0,1660.0
281,29,1.0,0.0,295.0
282,120,3.0,0.0,1215.0
283,182,39.0,3.0,2009.0
284,5,10.0,0.0,100.0
285,46,41.0,2.0,661.0
286,72,5.0,0.0,745.0
287,84,6.0,1.0,868.0
288,3,5.0,1.0,53.0
289,1112,93.0,17.0,11551.0
290,19,1.0,0.0,195.0
291,195,1.0,0.0,1955.0
292,8,11.0,17.0,101.0
293,2,2.0,0.0,30.0
294,5,41.0,3.0,249.0
295,33,6.0,0.0,360.0
296,2723,62.0,19.0,27502.0
297,117,19.0,0.0,1265.0
298,7,3.0,2.0,81.0
299,1,57.0,7.0,281.0
300,1245,0.0,2.0,12446.0
301,102,4.0,1.0,1038.0
302,3,12.0,4.0,82.0
303,960,8.0,0.0,9640.0
304,176,14.0,1.0,1828.0
305,675,39.0,2.0,6941.0
306,4,57.0,0.0,325.0
307,148,2.0,1.0,1488.0
308,6,4.0,1.0,78.0
309,1268,11.0,16.0,12703.0
310,27,11.0,3.0,319.0
311,19,1.0,0.0,195.0
312,5,0.0,0.0,50.0
313,686,7.0,4.0,6887.0
314,116,11.0,1.0,1213.0
315,41,0.0,0.0,410.0
316,17,13.0,1.0,233.0
317,30,15.0,0.0,375.0
318,711,9.0,10.0,7135.0
319,11,2.0,0.0,120.0
320,153,5.0,0.0,1555.0
321,3,3.0,1.0,43.0
322,38,7.0,1.0,413.0
323,26,1.0,0.0,265.0
324,692,0.0,1.0,6918.0
325,62,7.0,0.0,655.0
326,160,9.0,0.0,1645.0
327,16,28.0,2.0,296.0
328,2,1.0,0.0,25.0
329,267,13.0,0.0,2735.0
330,423,22.0,5.0,4330.0
331,24,2.0,0.0,250.0
332,85,1.0,0.0,855.0
333,29,4.0,1.0,308.0
334,103,16.0,0.0,1110.0
335,357,6.0,3.0,3594.0
336,109,21.0,5.0,1185.0
337,240,8.0,3.0,2434.0
338,320,57.0,2.0,3481.0
339,248,0.0,0.0,2480.0
340,51,34.0,0.0,680.0
341,137,47.0,1.0,1603.0
342,868,71.0,7.0,9021.0
343,39,8.0,0.0,430.0
344,3,18.0,10.0,100.0
345,14,1.0,0.0,145.0
346,22,4.0,0.0,240.0
347,25,8.0,0.0,290.0
348,129,8.0,1.0,1328.0
349,21,2.0,0.0,220.0
350,11,1.0,0.0,115.0
351,30,36.0,7.0,466.0
352,313,128.0,8.0,3754.0
353,21,12.0,6.0,258.0
354,188,15.0,1.0,1953.0
355,317,2.0,3.0,3174.0
356,104,48.0,0.0,1280.0
357,190,15.0,6.0,1963.0
358,13,1.0,0.0,135.0
359,12,5.0,0.0,145.0
360,14,2.0,0.0,150.0
361,2,5.0,0.0,45.0
362,1,1.0,0.0,15.0
363,48,0.0,0.0,480.0
364,46,4.0,0.0,480.0
365,3667,10.0,33.0,36654.0
366,110,99.0,0.0,1595.0
367,74,34.0,0.0,910.0
368,6,12.0,0.0,120.0
369,37,13.0,9.0,417.0
370,27,12.0,5.0,320.0
371,221,17.0,1.0,2293.0
372,1310,37.0,6.0,13273.0
373,199,20.0,10.0,2070.0
374,192,0.0,0.0,1920.0
375,927,1.0,1.0,9273.0
376,9,3.0,0.0,105.0
377,2187,7.0,16.0,21873.0
378,39,30.0,3.0,534.0
379,125,75.0,0.0,1625.0
380,453,94.0,16.0,4968.0
381,14,11.0,1.0,193.0
382,90,5.0,0.0,925.0
383,331,22.0,4.0,3412.0
384,1,3.0,1.0,23.0
385,34,1.0,0.0,345.0
386,10,5.0,0.0,125.0
387,14,1.0,0.0,145.0
388,2,0.0,0.0,20.0
389,104,12.0,2.0,1096.0
390,21,71.0,10.0,545.0
391,1219,0.0,0.0,12190.0
392,52,2.0,0.0,530.0
393,9,38.0,2.0,276.0
394,55,17.0,0.0,635.0
395,8,5.0,0.0,105.0
396,29,5.0,1.0,313.0
397,54,16.0,2.0,616.0
398,133,1.0,0.0,1335.0
399,516,10.0,0.0,5210.0
400,43,23.0,2.0,541.0
401,969,1.0,2.0,9691.0
402,59,7.0,2.0,621.0
403,67,6.0,2.0,696.0
404,5,6.0,0.0,80.0
405,83,1.0,1.0,833.0
406,8,4.0,0.0,100.0
407,2535,43.0,28.0,25509.0
408,1,39.0,2.0,201.0
409,17,23.0,2.0,281.0
410,48,1.0,0.0,485.0
411,195,3.0,1.0,1963.0
412,340,21.0,29.0,3447.0
413,9,2.0,1.0,98.0
414,10,8.0,0.0,140.0
415,26,6.0,6.0,278.0
416,32,6.0,0.0,350.0
417,411,15.0,8.0,4169.0
418,1641,2.0,2.0,16416.0
419,153,0.0,2.0,1526.0
420,163,29.0,5.0,1765.0
421,1557,99.0,84.0,15897.0
422,1,12.0,16.0,38.0
423,9,8.0,0.0,130.0
424,762,57.0,0.0,7905.0
425,41,2.0,0.0,420.0
426,145,57.0,0.0,1735.0
427,9,6.0,0.0,120.0
428,1,16.0,2.0,86.0
429,49,31.0,0.0,645.0
430,32,8.0,3.0,354.0
431,177,25.0,0.0,1895.0
432,29,6.0,0.0,320.0
433,14,4.0,3.0,154.0
434,22,4.0,0.0,240.0
435,1,0.0,10.0,-10.0
436,1851,35.0,0.0,18685.0
437,80,2.0,1.0,808.0
438,1,2.0,1.0,18.0
439,336,21.0,4.0,3457.0
440,55,6.0,9.0,562.0
441,35,4.0,7.0,356.0
442,1145,2.0,2.0,11456.0
443,213,13.0,0.0,2195.0
444,18,2.0,0.0,190.0
445,135,30.0,3.0,1494.0
446,61,22.0,4.0,712.0
447,29,0.0,0.0,290.0
448,1051,27.0,27.0,10591.0
449,6300,13.0,4.0,63057.0
450,428,92.0,1.0,4738.0
451,269,4.0,0.0,2710.0
452,556,28.0,0.0,5700.0
453,13,3.0,1.0,143.0
454,18,6.0,1.0,208.0
455,374,43.0,0.0,3955.0
456,5425,4.0,1.0,54268.0
457,8,1.0,1.0,83.0
458,2190,69.0,0.0,22245.0
459,6,1.0,1.0,63.0
460,693,0.0,2.0,6926.0
461,4,31.0,5.0,185.0
462,8,3.0,0.0,95.0
463,3,3.0,1.0,43.0
464,439,10.0,8.0,4424.0
465,8,5.0,0.0,105.0
466,6,14.0,0.0,130.0
467,132,28.0,2.0,1456.0
468,66,2.0,7.0,656.0
469,54,2.0,0.0,550.0
470,3,2.0,1.0,38.0
471,133,3.0,19.0,1307.0
472,5,5.0,2.0,71.0
473,325,53.0,9.0,3497.0
474,139,15.0,21.0,1423.0
475,2,3.0,0.0,35.0
476,36,16.0,1.0,438.0
477,327,12.0,4.0,3322.0
478,9,5.0,2.0,111.0
479,148,5.0,0.0,1505.0
480,8,2.0,2.0,86.0
481,168,1.0,0.0,1685.0
482,81,4.0,0.0,830.0
483,5,5.0,4.0,67.0
484,16,17.0,0.0,245.0
485,75,5.0,1.0,773.0
486,14,6.0,0.0,170.0
487,892,11.0,4.0,8967.0
488,477,47.0,2.0,5001.0
489,30,4.0,0.0,320.0
490,20,0.0,0.0,200.0
491,5,4.0,0.0,70.0
492,420,19.0,0.0,4295.0
493,5,8.0,2.0,86.0
494,314,1.0,0.0,3145.0
495,5,4.0,0.0,70.0
496,1034,36.0,2.0,10516.0
497,355,45.0,12.0,3751.0
498,10,15.0,0.0,175.0
499,8,5.0,1.0,103.0
500,6,27.0,1.0,193.0
501,14,20.0,0.0,240.0
502,4494,111.0,33.0,45429.0
503,197,7.0,0.0,2005.0
504,43,0.0,1.0,428.0
505,2308,60.0,2.0,23376.0
506,72,1.0,1.0,723.0
507,2,0.0,0.0,20.0
508,206,35.0,17.0,2201.0
509,227,0.0,14.0,2242.0
510,93,20.0,0.0,1030.0
511,11,1.0,0.0,115.0
512,16,1.0,0.0,165.0
513,13,33.0,0.0,295.0
514,72,61.0,1.0,1023.0
515,413,14.0,6.0,4188.0
516,14,16.0,3.0,214.0
517,830,12.0,10.0,8340.0
518,156,48.0,44.0,1712.0
519,1980,57.0,0.0,20085.0
520,26,5.0,0.0,285.0
521,47,1.0,3.0,469.0
522,183,2.0,0.0,1840.0
523,51,11.0,4.0,557.0
524,407,0.0,0.0,4070.0
525,520,47.0,0.0,5435.0
526,65,50.0,0.0,900.0
527,36,1.0,0.0,365.0
528,24,1.0,0.0,245.0
529,2,6.0,0.0,50.0
530,14,18.0,3.0,224.0
531,68,0.0,0.0,680.0
532,92,27.0,8.0,1039.0
533,54,5.0,0.0,565.0
534,24,10.0,0.0,290.0
535,517,24.0,0.0,5290.0
536,36,19.0,14.0,427.0
537,13,5.0,1.0,153.0
538,29,27.0,1.0,423.0
539,13,55.0,1.0,403.0
540,2247,4.0,6.0,22478.0
541,45,17.0,8.0,519.0
542,345,5.0,7.0,3461.0
543,1,1.0,0.0,15.0
544,374,23.0,0.0,3855.0
545,33,0.0,0.0,330.0
546,1,2.0,0.0,20.0
547,1248,41.0,14.0,12657.0
548,31,143.0,14.0,997.0
549,32,2.0,1.0,328.0
550,264,1.0,3.0,2639.0
551,17,1.0,0.0,175.0
552,22,1.0,0.0,225.0
553,17,28.0,9.0,292.0
554,62,8.0,4.0,652.0
555,429,3.0,1.0,4303.0
556,32,1.0,0.0,325.0
557,938,60.0,1.0,9678.0
558,49,12.0,8.0,534.0
559,958,4.0,12.0,9576.0
560,6,61.0,2.0,361.0
561,30,12.0,0.0,360.0
562,121,10.0,1.0,1258.0
563,21,31.0,0.0,365.0
564,647,2.0,3.0,6474.0
565,1312,70.0,34.0,13402.0
566,183,53.0,3.0,2089.0
567,257,22.0,5.0,2670.0
568,20,6.0,0.0,230.0
569,38,23.0,0.0,495.0
570,36,12.0,1.0,418.0
571,274,15.0,5.0,2805.0
572,6,8.0,1.0,98.0
573,64,20.0,0.0,740.0
574,211,17.0,4.0,2187.0
575,51,3.0,0.0,525.0
576,137,13.0,0.0,1435.0
577,269,11.0,1.0,2743.0
578,18,13.0,0.0,245.0
579,28,0.0,0.0,280.0
580,324,2.0,4.0,3242.0
581,1580,7.0,3.0,15829.0
582,3820,0.0,0.0,38200.0
583,11,11.0,4.0,157.0
584,69,1.0,0.0,695.0
585,199,0.0,0.0,1990.0
586,80,38.0,3.0,984.0
587,734,89.0,8.0,7769.0
588,71,21.0,1.0,813.0
589,6,0.0,0.0,60.0
590,12,0.0,0.0,120.0
591,69,0.0,0.0,690.0
592,5,15.0,2.0,121.0
593,1,1.0,0.0,15.0
594,2,1.0,1.0,23.0
595,8,0.0,0.0,80.0
596,13,2.0,0.0,140.0
597,363,34.0,7.0,3786.0
598,164,8.0,3.0,1674.0
599,9,110.0,13.0,614.0
600,78,24.0,0.0,900.0
601,33,23.0,1.0,443.0
602,3676,10.0,9.0,36792.0
603,9,5.0,0.0,115.0
604,1468,80.0,3.0,15074.0
605,156,49.0,0.0,1805.0
606,368,0.0,0.0,3680.0
607,428,25.0,0.0,4405.0
608,187,35.0,0.0,2045.0
609,53,1.0,0.0,535.0
610,7,2.0,0.0,80.0
611,728,0.0,1.0,7278.0
612,1543,53.0,8.0,15679.0
613,31,78.0,1.0,698.0
614,21,87.0,1.0,643.0
615,17,6.0,6.0,188.0
616,49,1.0,1.0,493.0
617,3,1.0,0.0,35.0
618,7084,143.0,5.0,71545.0
619,2,13.0,0.0,85.0
620,381,3.0,1.0,3823.0
621,66,5.0,0.0,685.0
622,56,20.0,0.0,660.0
623,7,7.0,0.0,105.0
624,42,2.0,0.0,430.0
625,23,23.0,28.0,289.0
626,39,2.0,0.0,400.0
627,160,3.0,3.0,1609.0
628,788,42.0,7.0,8076.0
629,9,1.0,0.0,95.0
630,31,7.0,0.0,345.0
631,3,4.0,0.0,50.0
632,244,54.0,0.0,2710.0
633,425,51.0,12.0,4481.0
634,24,8.0,67.0,146.0
635,299,14.0,0.0,3060.0
636,805,10.0,0.0,8100.0
637,5,109.0,19.0,557.0
638,1,12.0,0.0,70.0
639,28,16.0,1.0,358.0
640,315,5.0,0.0,3175.0
641,597,32.0,0.0,6130.0
642,31,2.0,0.0,320.0
643,2,0.0,0.0,20.0
644,343,120.0,0.0,4030.0
645,286,5.0,0.0,2885.0
646,659,4.0,2.0,6606.0
647,47,24.0,0.0,590.0
648,3,15.0,7.0,91.0
649,522,7.0,6.0,5243.0
650,3,2.0,1.0,38.0
651,715,23.0,0.0,7265.0
652,68,11.0,0.0,735.0
653,692,13.0,12.0,6961.0
654,998,67.0,12.0,10291.0
655,3,7.0,1.0,63.0
656,18,8.0,0.0,220.0
657,274,3.0,6.0,2743.0
658,841,40.0,0.0,8610.0
659,1159,6.0,6.0,11608.0
660,2,9.0,4.0,57.0
661,1,4.0,0.0,30.0
662,44,6.0,3.0,464.0
663,6401,52.0,35.0,64200.0
664,40,2.0,7.0,396.0
665,21,6.0,0.0,240.0
666,96,4.0,6.0,968.0
667,299,56.0,10.0,3250.0
668,1152,25.0,4.0,11637.0
669,99,2.0,0.0,1000.0
670,92,8.0,2.0,956.0
671,653,0.0,0.0,6530.0
672,10,35.0,5.0,265.0
673,372,42.0,1.0,3928.0
674,75,1.0,0.0,755.0
675,639,50.0,1.0,6638.0
676,286,16.0,1.0,2938.0
677,674,35.0,4.0,6907.0
678,12,22.0,1.0,228.0
679,453,4.0,1.0,4548.0
680,2,7.0,0.0,55.0
681,8,65.0,1.0,403.0
682,25,11.0,1.0,303.0
683,2,7.0,0.0,55.0
684,9,28.0,1.0,228.0
685,9,8.0,0.0,130.0
686,17,5.0,0.0,195.0
687,1675,43.0,0.0,16965.0
688,159,0.0,16.0,1558.0
689,108,16.0,3.0,1154.0
690,1,39.0,1.0,203.0
691,11,7.0,10.0,125.0
692,2,5.0,0.0,45.0
693,1184,5.0,2.0,11861.0
694,133,30.0,1.0,1478.0
695,197,73.0,0.0,2335.0
696,7,3.0,0.0,85.0
697,9,0.0,0.0,90.0
698,24,4.0,0.0,260.0
699,1680,27.0,10.0,16915.0
700,23,9.0,0.0,275.0
701,46,2.0,0.0,470.0
702,4,1.0,0.0,45.0
703,1,3.0,0.0,25.0
704,32,1.0,0.0,325.0
705,10,5.0,0.0,125.0
706,56,0.0,0.0,560.0
707,5,11.0,3.0,99.0
708,34,54.0,0.0,610.0
709,287,6.0,1.0,2898.0
710,3032,3.0,2.0,30331.0
711,13,3.0,0.0,145.0
712,22,1.0,0.0,225.0
713,301,3.0,4.0,3017.0
714,6,34.0,0.0,230.0
715,2,1.0,1.0,23.0
716,50,12.0,2.0,556.0
717,341,52.0,2.0,3666.0
718,16,10.0,0.0,210.0
719,97,19.0,0.0,1065.0
720,4,20.0,3.0,134.0
721,837,4.0,2.0,8386.0
722,3340,14.0,0.0,33470.0
723,1,10.0,3.0,54.0
724,174,33.0,0.0,1905.0
725,37,0.0,1.0,368.0
726,20,10.0,1.0,248.0
727,59,4.0,0.0,610.0
728,3,5.0,3.0,49.0
729,10,6.0,0.0,130.0
730,757,9.0,0.0,7615.0
731,78,43.0,5.0,985.0
732,67,13.0,0.0,735.0
733,12,10.0,1.0,168.0
734,264,9.0,0.0,2685.0
735,98,15.0,0.0,1055.0
736,3,1.0,2.0,31.0
737,33,15.0,0.0,405.0
738,4405,0.0,0.0,44050.0
739,9,8.0,3.0,124.0
740,2,91.0,7.0,461.0
741,19,1.0,0.0,195.0
742,6,4.0,1.0,78.0
743,94,3.0,0.0,955.0
744,579,129.0,1.0,6433.0
745,911,44.0,2.0,9326.0
746,141,6.0,0.0,1440.0
747,34,11.0,0.0,395.0
748,2341,13.0,3.0,23469.0
749,35,29.0,2.0,491.0
750,589,23.0,0.0,6005.0
751,20,11.0,4.0,247.0
752,54,1.0,2.0,541.0
753,1205,2.0,2.0,12056.0
754,5702,24.0,22.0,57096.0
755,12,3.0,0.0,135.0
756,3,2.0,0.0,40.0
757,12,0.0,0.0,120.0
758,433,22.0,2.0,4436.0
759,199,30.0,1.0,2138.0
760,2,12.0,10.0,60.0
761,6,1.0,0.0,65.0
762,81,9.0,4.0,847.0
763,621,44.0,15.0,6400.0
764,27,7.0,0.0,305.0
765,24096,0.0,3.0,240954.0
766,30,14.0,5.0,360.0
767,79,1.0,1.0,793.0
768,120,1.0,0.0,1205.0
769,104,1.0,0.0,1045.0
770,124,1.0,0.0,1245.0
771,6,0.0,0.0,60.0
772,111,12.0,1.0,1168.0
773,2,7.0,3.0,49.0
774,1625,2.0,6.0,16248.0
775,314,3.0,2.0,3151.0
776,105,82.0,1.0,1458.0
777,886,58.0,1.0,9148.0
778,2,2.0,0.0,30.0
779,892,79.0,1.0,9313.0
780,2,3.0,0.0,35.0
781,4,3.0,0.0,55.0
782,8,0.0,0.0,80.0
783,709,41.0,0.0,7295.0
784,98,19.0,10.0,1055.0
785,200,0.0,4.0,1992.0
786,7,27.0,11.0,183.0
787,13,1.0,0.0,135.0
788,43,16.0,7.0,496.0
789,11,7.0,0.0,145.0
790,238,61.0,22.0,2641.0
791,38,4.0,0.0,400.0
792,15,7.0,2.0,181.0
793,51,0.0,0.0,510.0
794,399,11.0,0.0,4045.0
795,617,105.0,50.0,6595.0
796,90,24.0,13.0,994.0
797,415,5.0,8.0,4159.0
798,520,45.0,0.0,5425.0
799,1,1.0,0.0,15.0
800,68,0.0,0.0,680.0
801,3,6.0,2.0,56.0
802,894,17.0,1.0,9023.0
803,6,21.0,0.0,165.0
804,62,23.0,5.0,725.0
805,1289,5.0,4.0,12907.0
806,210,16.0,0.0,2180.0
807,20,15.0,2.0,271.0
808,9,1.0,0.0,95.0
809,185,5.0,2.0,1871.0
810,2,3.0,0.0,35.0
811,175,17.0,0.0,1835.0
812,48,6.0,1.0,508.0
813,206,11.0,0.0,2115.0
814,34,1.0,0.0,345.0
815,3,1.0,1.0,33.0
816,49,1.0,1.0,493.0
817,5,11.0,4.0,97.0
818,55,7.0,0.0,585.0
819,499,2.0,4.0,4992.0
820,7,3.0,0.0,85.0
821,11,17.0,1.0,193.0
822,130,6.0,3.0,1324.0
823,7,8.0,0.0,110.0
824,233,5.0,5.0,2345.0
825,89,18.0,6.0,968.0
826,1434,20.0,4.0,14432.0
827,10,2.0,4.0,102.0
828,3149,31.0,7.0,31631.0
829,49,27.0,25.0,575.0
830,61,11.0,0.0,665.0
831,344,106.0,0.0,3970.0
832,155,3.0,2.0,1561.0
833,13,6.0,0.0,160.0
834,31,24.0,0.0,430.0
835,29,1.0,0.0,295.0
836,2430,20.0,36.0,24328.0
837,335,141.0,1.0,4053.0
838,35,1.0,0.0,355.0
839,3,1.0,0.0,35.0
840,19,22.0,1.0,298.0
841,91,20.0,4.0,1002.0
842,1,7.0,0.0,45.0
843,729,1.0,9.0,7277.0
844,448,127.0,0.0,5115.0
845,1701,2.0,14.0,16992.0
846,44,1.0,0.0,445.0
847,11,3.0,0.0,125.0
848,1,17.0,1.0,93.0
849,796,5.0,2.0,7981.0
850,8,95.0,25.0,505.0
851,791,45.0,2.0,8131.0
852,321,3.0,86.0,3053.0
853,126,16.0,0.0,1340.0
854,1,27.0,11.0,123.0
855,152,1.0,6.0,1513.0
856,6035,30.0,11.0,60478.0
857,2,0.0,0.0,20.0
858,2,0.0,0.0,20.0
859,27,1.0,0.0,275.0
860,58,26.0,0.0,710.0
861,1254,1.0,2.0,12541.0
862,58,7.0,0.0,615.0
863,60,80.0,1.0,998.0
864,61,13.0,0.0,675.0
865,94,2.0,0.0,950.0
866,1037,7.0,1.0,10403.0
867,17,3.0,0.0,185.0
868,6,1.0,0.0,65.0
869,2298,27.0,1.0,23113.0
870,25,7.0,0.0,285.0
871,1,121.0,0.0,615.0
872,27,8.0,0.0,310.0
873,8,17.0,2.0,161.0
874,39,4.0,0.0,410.0
875,144,34.0,0.0,1610.0
876,705,12.0,0.0,7110.0
877,278,2.0,0.0,2790.0
878,152,13.0,4.0,1577.0
879,16,1.0,0.0,165.0
880,181,4.0,7.0,1816.0
881,88,3.0,0.0,895.0
882,25,1.0,0.0,255.0
883,26,0.0,0.0,260.0
884,109,2.0,14.0,1072.0
885,166,15.0,5.0,1725.0
886,118,0.0,0.0,1180.0
887,4942,0.0,0.0,49420.0
888,582,24.0,36.0,5868.0
889,1060,16.0,4.0,10672.0
890,88,7.0,4.0,907.0
891,84,5.0,0.0,865.0
892,5,0.0,0.0,50.0
893,9,20.0,0.0,190.0
894,34,0.0,0.0,340.0
895,5,2.0,1.0,58.0
896,16,3.0,0.0,175.0
897,72,10.0,1.0,768.0
898,84,6.0,5.0,860.0
899,1,6.0,0.0,40.0
900,35,36.0,3.0,524.0
901,194,60.0,1.0,2238.0
902,1049,7.0,7.0,10511.0
903,9,3.0,0.0,105.0
904,10,2.0,0.0,110.0
905,5,1.0,0.0,55.0
906,108,1.0,0.0,1085.0
907,57,65.0,23.0,849.0
908,112,12.0,0.0,1180.0
909,1,125.0,5.0,625.0
910,8,1.0,0.0,85.0
911,527,39.0,0.0,5465.0
912,1,5.0,11.0,13.0
913,73,29.0,3.0,869.0
914,15,5.0,0.0,175.0
915,8,84.0,7.0,486.0
916,224,11.0,3.0,2289.0
917,30,1.0,0.0,305.0
918,1,1.0,0.0,15.0
919,90,1.0,0.0,905.0
920,932,41.0,52.0,9421.0
921,17,0.0,2.0,166.0
922,2838,4.0,16.0,28368.0
923,1039,14.0,0.0,10460.0
924,13,22.0,2.0,236.0
925,44,10.0,0.0,490.0
926,3,28.0,0.0,170.0
927,1033,73.0,22.0,10651.0
928,84,1.0,0.0,845.0
929,337,15.0,1.0,3443.0
930,173,3.0,4.0,1737.0
931,7,51.0,3.0,319.0
932,892,66.0,1.0,9248.0
933,355,20.0,2.0,3646.0
934,123,5.0,34.0,1187.0
935,5,9.0,0.0,95.0
936,161,29.0,16.0,1723.0
937,118,16.0,1.0,1258.0
938,58,1.0,1.0,583.0
939,30,17.0,0.0,385.0
940,48,3.0,2.0,491.0
941,287,14.0,14.0,2912.0
942,14,2.0,0.0,150.0
943,66,3.0,1.0,673.0
944,28,50.0,20.0,490.0
945,780,29.0,4.0,7937.0
946,1662,43.0,15.0,16805.0
947,1,19.0,4.0,97.0
948,24,9.0,0.0,285.0
949,1,64.0,7.0,316.0
950,4,99.0,4.0,527.0
951,252,3.0,0.0,2535.0
952,195,9.0,0.0,1995.0
953,195,4.0,0.0,1970.0
954,28,1.0,0.0,285.0
955,131,0.0,0.0,1310.0
956,48,1.0,0.0,485.0
957,60,2.0,0.0,610.0
958,11,14.0,0.0,180.0
959,13,64.0,1.0,448.0
960,6,1.0,0.0,65.0
961,87,7.0,0.0,905.0
962,8,20.0,11.0,158.0
963,339,32.0,0.0,3550.0
964,18,6.0,0.0,210.0
965,204,4.0,1.0,2058.0
966,70,9.0,0.0,745.0
967,9,6.0,13.0,94.0
968,92,12.0,3.0,974.0
969,1,1.0,0.0,15.0
970,30,3.0,0.0,315.0
971,231,3.0,6.0,2313.0
972,18,135.0,29.0,797.0
973,908,41.0,1.0,9283.0
974,29,19.0,0.0,385.0
975,161,5.0,0.0,1635.0
976,6,15.0,0.0,135.0
977,17,19.0,0.0,265.0
978,74,69.0,14.0,1057.0
979,617,7.0,1.0,6203.0
980,63,65.0,36.0,883.0
981,22,1.0,0.0,225.0
982,254,71.0,0.0,2895.0
983,13,2.0,0.0,140.0
984,44,7.0,0.0,475.0
985,880,71.0,19.0,9117.0
986,175,0.0,0.0,1750.0
987,2171,30.0,23.0,21814.0
988,14,0.0,0.0,140.0
989,3471,12.0,20.0,34730.0
990,4514,0.0,0.0,45140.0
991,31,13.0,0.0,375.0
992,2483,18.0,11.0,24898.0
993,2,0.0,0.0,20.0
994,7,1.0,0.0,75.0
995,18,5.0,0.0,205.0
996,474,31.0,0.0,4895.0
997,109,0.0,0.0,1090.0
998,4,5.0,0.0,65.0
999,174,3.0,0.0,1755.0
